Workbook

Sheet Sheet1
A1: Type A (ค่า ADC) | M1: Type A (ค่า V) | Y1: Type B (ค่า ADC) | AK1: Type B (ค่า V) | AW1: Type C (ค่า ADC) | BI1: Type C (ค่า V)
B2: 10 | C2: 20 | D2: 30 | E2: 40 | F2: 50 | G2: 60 | H2: 70 | I2: 80 | J2: 90 | K2: 100 | N2: 10 | O2: 20 | P2: 30 | Q2: 40 | R2: 50 | S2: 60 | T2: 70 | U2: 80 | V2: 90 | W2: 100 | Z2: 10 | AA2: 20 | AB2: 30 | AC2: 40 | AD2: 50 | AE2: 60 | AF2: 70 | AG2: 80 | AH2: 90 | AI2: 100 | AL2: 10 | AM2: 20 | AN2: 30 | AO2: 40 | AP2: 50 | AQ2: 60 | AR2: 70 | AS2: 80 | AT2: 90 | AU2: 100 | AX2: 10 | AY2: 20 | AZ2: 30 | BA2: 40 | BB2: 50 | BC2: 60 | BD2: 70 | BE2: 80 | BF2: 90 | BG2: 100 | BJ2: 10 | BK2: 20 | BL2: 30 | BM2: 40 | BN2: 50 | BO2: 60 | BP2: 70 | BQ2: 80 | BR2: 90 | BS2: 100
A3: ครั้งที่ 1 | B3: 0 | C3: 58 | D3: 140 | E3: 222 | F3: 309 | G3: 1040 | H3: 1903 | I3: 2738 | J3: 3592 | K3: 3969 | M3: ครั้งที่ 1 | N3: 0 | O3: 0.042710623 | P3: 0.11120879 | Q3: 0.17648352 | R3: 0.24901099 | S3: 0.83809524 | T3: 1.5335531 | U3: 2.2064469 | V3: 2.894652 | W3: 3.1984615 | Y3: ครั้งที่ 1 | Z3: 0 | AA3: 360 | AB3: 864 | AC3: 1274 | AD3: 1823 | AE3: 2323 | AF3: 2766 | AG3: 3340 | AH3: 3951 | AI3: 4001 | AK3: ครั้งที่ 1 | AL3: 0 | AM3: 0.29010989 | AN3: 0.69626374 | AO3: 1.0266667 | AP3: 1.4690842 | AQ3: 1.8720147 | AR3: 2.229011 | AS3: 2.6915751 | AT3: 3.183956 | AU3: 3.2242491 | AW3: ครั้งที่ 1 | AX3: 303 | AY3: 1429 | AZ3: 2570 | BA3: 3279 | BB3: 3432 | BC3: 3609 | BD3: 3742 | BE3: 3938 | BF3: 4071 | BG3: 4095 | BI3: ครั้งที่ 1 | BJ3: 0.24417582 | BK3: 1.1515751 | BL3: 2.0710623 | BM3: 2.6424176 | BN3: 2.7657143 | BO3: 2.9083516 | BP3: 3.0155311 | BQ3: 3.1734799 | BR3: 3.2806593 | BS3: 3.3
A4: ครั้งที่ 2 | B4: 0 | C4: 52 | D4: 142 | E4: 223 | F4: 314 | G4: 1048 | H4: 1904 | I4: 2745 | J4: 3597 | K4: 3968 | M4: ครั้งที่ 2 | N4: 0 | O4: 0.041098901 | P4: 0.11362637 | Q4: 0.17970696 | R4: 0.25304029 | S4: 0.84454212 | T4: 1.534359 | U4: 2.2120879 | V4: 2.8986813 | W4: 3.1976557 | Y4: ครั้งที่ 2 | Z4: 0 | AA4: 358 | AB4: 859 | AC4: 1272 | AD4: 1816 | AE4: 2340 | AF4: 2770 | AG4: 3348 | AH4: 3953 | AI4: 3998 | AK4: ครั้งที่ 2 | AL4: 0 | AM4: 0.28849817 | AN4: 0.69223443 | AO4: 1.0250549 | AP4: 1.4634432 | AQ4: 1.8857143 | AR4: 2.2322344 | AS4: 2.698022 | AT4: 3.1855678 | AU4: 3.2218315 | AW4: ครั้งที่ 2 | AX4: 304 | AY4: 1428 | AZ4: 2572 | BA4: 3280 | BB4: 3436 | BC4: 3610 | BD4: 3741 | BE4: 3939 | BF4: 4071 | BG4: 4095 | BI4: ครั้งที่ 2 | BJ4: 0.24498168 | BK4: 1.1507692 | BL4: 2.072674 | BM4: 2.6432234 | BN4: 2.7689377 | BO4: 2.9091575 | BP4: 3.0147253 | BQ4: 3.1742857 | BR4: 3.2806593 | BS4: 3.3
A5: ครั้งที่ 3 | B5: 0 | C5: 54 | D5: 147 | E5: 223 | F5: 308 | G5: 1041 | H5: 1897 | I5: 2764 | J5: 3596 | K5: 3967 | M5: ครั้งที่ 3 | N5: 0 | O5: 0.041904762 | P5: 0.11120879 | Q5: 0.18131868 | R5: 0.24820513 | S5: 0.8389011 | T5: 1.5287179 | U5: 2.2273993 | V5: 2.8978755 | W5: 3.1968498 | Y5: ครั้งที่ 3 | Z5: 0 | AA5: 359 | AB5: 859 | AC5: 1281 | AD5: 1823 | AE5: 2317 | AF5: 2769 | AG5: 3358 | AH5: 3954 | AI5: 4004 | AK5: ครั้งที่ 3 | AL5: 0 | AM5: 0.28930403 | AN5: 0.69223443 | AO5: 1.0323077 | AP5: 1.4690842 | AQ5: 1.8671795 | AR5: 2.2314286 | AS5: 2.7060806 | AT5: 3.1863736 | AU5: 3.2266667 | AW5: ครั้งที่ 3 | AX5: 304 | AY5: 1430 | AZ5: 2569 | BA5: 3285 | BB5: 3436 | BC5: 3610 | BD5: 3744 | BE5: 3937 | BF5: 4068 | BG5: 4095 | BI5: ครั้งที่ 3 | BJ5: 0.24498168 | BK5: 1.152381 | BL5: 2.0702564 | BM5: 2.6472527 | BN5: 2.7689377 | BO5: 2.9091575 | BP5: 3.0171429 | BQ5: 3.172674 | BR5: 3.2782418 | BS5: 3.3
A6: ครั้งที่ 4 | B6: 0 | C6: 54 | D6: 135 | E6: 224 | F6: 309 | G6: 1042 | H6: 1903 | I6: 2746 | J6: 3598 | K6: 3980 | M6: ครั้งที่ 4 | N6: 0 | O6: 0.041904762 | P6: 0.11040293 | Q6: 0.18051282 | R6: 0.24901099 | S6: 0.83970696 | T6: 1.5335531 | U6: 2.2128938 | V6: 2.8994872 | W6: 3.207326 | Y6: ครั้งที่ 4 | Z6: 0 | AA6: 360 | AB6: 868 | AC6: 1280 | AD6: 1815 | AE6: 2331 | AF6: 2771 | AG6: 3342 | AH6: 3953 | AI6: 4000 | AK6: ครั้งที่ 4 | AL6: 0 | AM6: 0.29010989 | AN6: 0.69948718 | AO6: 1.0315018 | AP6: 1.4626374 | AQ6: 1.8784615 | AR6: 2.2330403 | AS6: 2.6931868 | AT6: 3.1855678 | AU6: 3.2234432 | AW6: ครั้งที่ 4 | AX6: 304 | AY6: 1429 | AZ6: 2571 | BA6: 3290 | BB6: 3434 | BC6: 3610 | BD6: 3744 | BE6: 3939 | BF6: 4073 | BG6: 4095 | BI6: ครั้งที่ 4 | BJ6: 0.24498168 | BK6: 1.1515751 | BL6: 2.0718681 | BM6: 2.6512821 | BN6: 2.767326 | BO6: 2.9091575 | BP6: 3.0171429 | BQ6: 3.1742857 | BR6: 3.2822711 | BS6: 3.3
A7: ครั้งที่ 5 | B7: 0 | C7: 55 | D7: 144 | E7: 221 | F7: 314 | G7: 1046 | H7: 1906 | I7: 2740 | J7: 3591 | K7: 3965 | M7: ครั้งที่ 5 | N7: 0 | O7: 0.041098901 | P7: 0.11120879 | Q7: 0.17970696 | R7: 0.25304029 | S7: 0.8429304 | T7: 1.5359707 | U7: 2.2080586 | V7: 2.8938462 | W7: 3.1952381 | Y7: ครั้งที่ 5 | Z7: 0 | AA7: 365 | AB7: 861 | AC7: 1281 | AD7: 1815 | AE7: 2324 | AF7: 2768 | AG7: 3349 | AH7: 3953 | AI7: 4007 | AK7: ครั้งที่ 5 | AL7: 0 | AM7: 0.29413919 | AN7: 0.69384615 | AO7: 1.0323077 | AP7: 1.4626374 | AQ7: 1.8728205 | AR7: 2.2306227 | AS7: 2.6988278 | AT7: 3.1855678 | AU7: 3.2290842 | AW7: ครั้งที่ 5 | AX7: 303 | AY7: 1430 | AZ7: 2570 | BA7: 3281 | BB7: 3432 | BC7: 3613 | BD7: 3743 | BE7: 3938 | BF7: 4068 | BG7: 4095 | BI7: ครั้งที่ 5 | BJ7: 0.24417582 | BK7: 1.152381 | BL7: 2.0710623 | BM7: 2.6440293 | BN7: 2.7657143 | BO7: 2.9115751 | BP7: 3.016337 | BQ7: 3.1734799 | BR7: 3.2782418 | BS7: 3.3
A8: ครั้งที่ 6 | B8: 0 | C8: 55 | D8: 139 | E8: 221 | F8: 310 | G8: 1042 | H8: 1904 | I8: 2747 | J8: 3595 | K8: 3965 | M8: ครั้งที่ 6 | N8: 0 | O8: 0.041904762 | P8: 0.10717949 | Q8: 0.17809524 | R8: 0.24981685 | S8: 0.83970696 | T8: 1.534359 | U8: 2.2136996 | V8: 2.8970696 | W8: 3.1952381 | Y8: ครั้งที่ 6 | Z8: 0 | AA8: 368 | AB8: 861 | AC8: 1275 | AD8: 1821 | AE8: 2317 | AF8: 2761 | AG8: 3348 | AH8: 3953 | AI8: 4001 | AK8: ครั้งที่ 6 | AL8: 0 | AM8: 0.29655678 | AN8: 0.69384615 | AO8: 1.0274725 | AP8: 1.4674725 | AQ8: 1.8671795 | AR8: 2.2249817 | AS8: 2.698022 | AT8: 3.1855678 | AU8: 3.2242491 | AW8: ครั้งที่ 6 | AX8: 304 | AY8: 1429 | AZ8: 2571 | BA8: 3283 | BB8: 3434 | BC8: 3614 | BD8: 3743 | BE8: 3939 | BF8: 4070 | BG8: 4095 | BI8: ครั้งที่ 6 | BJ8: 0.24498168 | BK8: 1.1515751 | BL8: 2.0718681 | BM8: 2.645641 | BN8: 2.767326 | BO8: 2.912381 | BP8: 3.016337 | BQ8: 3.1742857 | BR8: 3.2798535 | BS8: 3.3
A9: ครั้งที่ 7 | B9: 0 | C9: 56 | D9: 142 | E9: 223 | F9: 315 | G9: 1041 | H9: 1894 | I9: 2744 | J9: 3590 | K9: 3979 | M9: ครั้งที่ 7 | N9: 0 | O9: 0.043516484 | P9: 0.11604396 | Q9: 0.18534799 | R9: 0.25384615 | S9: 0.8389011 | T9: 1.5263004 | U9: 2.2112821 | V9: 2.8930403 | W9: 3.2065201 | Y9: ครั้งที่ 7 | Z9: 0 | AA9: 364 | AB9: 861 | AC9: 1282 | AD9: 1816 | AE9: 2338 | AF9: 2829 | AG9: 3347 | AH9: 3951 | AI9: 3996 | AK9: ครั้งที่ 7 | AL9: 0 | AM9: 0.29333333 | AN9: 0.69384615 | AO9: 1.0331136 | AP9: 1.4634432 | AQ9: 1.8841026 | AR9: 2.2797802 | AS9: 2.6972161 | AT9: 3.183956 | AU9: 3.2202198 | AW9: ครั้งที่ 7 | AX9: 304 | AY9: 1427 | AZ9: 2634 | BA9: 3331 | BB9: 3435 | BC9: 3638 | BD9: 3759 | BE9: 3939 | BF9: 4069 | BG9: 4095 | BI9: ครั้งที่ 7 | BJ9: 0.24498168 | BK9: 1.1499634 | BL9: 2.1226374 | BM9: 2.6843223 | BN9: 2.7681319 | BO9: 2.9317216 | BP9: 3.0292308 | BQ9: 3.1742857 | BR9: 3.2790476 | BS9: 3.3
A10: ครั้งที่ 8 | B10: 0 | C10: 55 | D10: 138 | E10: 223 | F10: 309 | G10: 1040 | H10: 1920 | I10: 2757 | J10: 3622 | K10: 3998 | M10: ครั้งที่ 8 | N10: 0 | O10: 0.041904762 | P10: 0.11282051 | Q10: 0.17728938 | R10: 0.24901099 | S10: 0.83809524 | T10: 1.5472527 | U10: 2.2217582 | V10: 2.9188278 | W10: 3.2218315 | Y10: ครั้งที่ 8 | Z10: 0 | AA10: 367 | AB10: 869 | AC10: 1287 | AD10: 1822 | AE10: 2382 | AF10: 2826 | AG10: 3362 | AH10: 3953 | AI10: 4027 | AK10: ครั้งที่ 8 | AL10: 0 | AM10: 0.29575092 | AN10: 0.70029304 | AO10: 1.0371429 | AP10: 1.4682784 | AQ10: 1.9195604 | AR10: 2.2773626 | AS10: 2.709304 | AT10: 3.1855678 | AU10: 3.2452015 | AW10: ครั้งที่ 8 | AX10: 304 | AY10: 1428 | AZ10: 2631 | BA10: 3336 | BB10: 3477 | BC10: 3642 | BD10: 3762 | BE10: 3941 | BF10: 4069 | BG10: 4095 | BI10: ครั้งที่ 8 | BJ10: 0.24498168 | BK10: 1.1507692 | BL10: 2.1202198 | BM10: 2.6883516 | BN10: 2.801978 | BO10: 2.9349451 | BP10: 3.0316484 | BQ10: 3.1758974 | BR10: 3.2790476 | BS10: 3.3
A11: ครั้งที่ 9 | B11: 0 | C11: 58 | D11: 139 | E11: 222 | F11: 315 | G11: 1048 | H11: 1914 | I11: 2804 | J11: 3625 | K11: 4010 | M11: ครั้งที่ 9 | N11: 0 | O11: 0.041098901 | P11: 0.11282051 | Q11: 0.18373626 | R11: 0.25384615 | S11: 0.84454212 | T11: 1.5424176 | U11: 2.2596337 | V11: 2.9212454 | W11: 3.2315018 | Y11: ครั้งที่ 9 | Z11: 0 | AA11: 366 | AB11: 866 | AC11: 1287 | AD11: 1836 | AE11: 2381 | AF11: 2818 | AG11: 3384 | AH11: 3953 | AI11: 4023 | AK11: ครั้งที่ 9 | AL11: 0 | AM11: 0.29494505 | AN11: 0.69787546 | AO11: 1.0371429 | AP11: 1.4795604 | AQ11: 1.9187546 | AR11: 2.2709158 | AS11: 2.727033 | AT11: 3.1855678 | AU11: 3.241978 | AW11: ครั้งที่ 9 | AX11: 305 | AY11: 1442 | AZ11: 2639 | BA11: 3330 | BB11: 3477 | BC11: 3637 | BD11: 3765 | BE11: 3941 | BF11: 4079 | BG11: 4095 | BI11: ครั้งที่ 9 | BJ11: 0.24578755 | BK11: 1.1620513 | BL11: 2.1266667 | BM11: 2.6835165 | BN11: 2.801978 | BO11: 2.9309158 | BP11: 3.0340659 | BQ11: 3.1758974 | BR11: 3.2871062 | BS11: 3.3
A12: ครั้งที่ 10 | B12: 0 | C12: 56 | D12: 143 | E12: 220 | F12: 315 | G12: 1057 | H12: 1925 | I12: 2796 | J12: 3627 | K12: 4004 | M12: ครั้งที่ 10 | N12: 0 | O12: 0.037069597 | P12: 0.11201465 | Q12: 0.17970696 | R12: 0.25384615 | S12: 0.85179487 | T12: 1.5512821 | U12: 2.2531868 | V12: 2.9228571 | W12: 3.2266667 | Y12: ครั้งที่ 10 | Z12: 0 | AA12: 363 | AB12: 876 | AC12: 1288 | AD12: 1831 | AE12: 2381 | AF12: 2835 | AG12: 3385 | AH12: 3955 | AI12: 4021 | AK12: ครั้งที่ 10 | AL12: 0 | AM12: 0.29252747 | AN12: 0.70593407 | AO12: 1.0379487 | AP12: 1.4755311 | AQ12: 1.9187546 | AR12: 2.2846154 | AS12: 2.7278388 | AT12: 3.1871795 | AU12: 3.2403663 | AW12: ครั้งที่ 10 | AX12: 306 | AY12: 1444 | AZ12: 2636 | BA12: 3335 | BB12: 3477 | BC12: 3627 | BD12: 3766 | BE12: 3941 | BF12: 4070 | BG12: 4095 | BI12: ครั้งที่ 10 | BJ12: 0.24659341 | BK12: 1.163663 | BL12: 2.1242491 | BM12: 2.6875458 | BN12: 2.801978 | BO12: 2.9228571 | BP12: 3.0348718 | BQ12: 3.1758974 | BR12: 3.2798535 | BS12: 3.3
A13: ครั้งที่ 11 | B13: 0 | C13: 56 | D13: 143 | E13: 227 | F13: 318 | G13: 1052 | H13: 1921 | I13: 2809 | J13: 3630 | K13: 4002 | M13: ครั้งที่ 11 | N13: 0 | O13: 0.042710623 | P13: 0.10798535 | Q13: 0.1829304 | R13: 0.25626374 | S13: 0.84776557 | T13: 1.5480586 | U13: 2.263663 | V13: 2.9252747 | W13: 3.2250549 | Y13: ครั้งที่ 11 | Z13: 0 | AA13: 367 | AB13: 877 | AC13: 1285 | AD13: 1836 | AE13: 2382 | AF13: 2828 | AG13: 3392 | AH13: 3955 | AI13: 4027 | AK13: ครั้งที่ 11 | AL13: 0 | AM13: 0.29575092 | AN13: 0.70673993 | AO13: 1.0355311 | AP13: 1.4795604 | AQ13: 1.9195604 | AR13: 2.2789744 | AS13: 2.7334799 | AT13: 3.1871795 | AU13: 3.2452015 | AW13: ครั้งที่ 11 | AX13: 305 | AY13: 1446 | AZ13: 2631 | BA13: 3331 | BB13: 3477 | BC13: 3643 | BD13: 3761 | BE13: 3942 | BF13: 4066 | BG13: 4095 | BI13: ครั้งที่ 11 | BJ13: 0.24578755 | BK13: 1.1652747 | BL13: 2.1202198 | BM13: 2.6843223 | BN13: 2.801978 | BO13: 2.9357509 | BP13: 3.0308425 | BQ13: 3.1767033 | BR13: 3.27663 | BS13: 3.3
A14: ครั้งที่ 12 | B14: 0 | C14: 60 | D14: 142 | E14: 222 | F14: 307 | G14: 1053 | H14: 1914 | I14: 2790 | J14: 3629 | K14: 3998 | M14: ครั้งที่ 12 | N14: 0 | O14: 0.041904762 | P14: 0.11201465 | Q14: 0.1829304 | R14: 0.24739927 | S14: 0.84857143 | T14: 1.5424176 | U14: 2.2483516 | V14: 2.9244689 | W14: 3.2218315 | Y14: ครั้งที่ 12 | Z14: 0 | AA14: 363 | AB14: 870 | AC14: 1293 | AD14: 1838 | AE14: 2383 | AF14: 2833 | AG14: 3400 | AH14: 3958 | AI14: 4016 | AK14: ครั้งที่ 12 | AL14: 0 | AM14: 0.29252747 | AN14: 0.7010989 | AO14: 1.041978 | AP14: 1.4811722 | AQ14: 1.9203663 | AR14: 2.2830037 | AS14: 2.7399267 | AT14: 3.1895971 | AU14: 3.236337 | AW14: ครั้งที่ 12 | AX14: 305 | AY14: 1446 | AZ14: 2645 | BA14: 3334 | BB14: 3486 | BC14: 3640 | BD14: 3762 | BE14: 3940 | BF14: 4070 | BG14: 4095 | BI14: ครั้งที่ 12 | BJ14: 0.24578755 | BK14: 1.1652747 | BL14: 2.1315018 | BM14: 2.6867399 | BN14: 2.8092308 | BO14: 2.9333333 | BP14: 3.0316484 | BQ14: 3.1750916 | BR14: 3.2798535 | BS14: 3.3
... A32: ครั้งที่ 30 | B32: 0 | C32: 58 | D32: 146 | E32: 220 | F32: 312 | G32: 1052 | H32: 1922 | I32: 2801 | J32: 3626 | K32: 4005 | M32: ครั้งที่ 30 | N32: 0 | O32: 0.041904762 | P32: 0.11362637 | Q32: 0.18051282 | R32: 0.25142857 | S32: 0.84776557 | T32: 1.5488645 | U32: 2.2572161 | V32: 2.9220513 | W32: 3.2274725 | Y32: ครั้งที่ 30 | Z32: 0 | AA32: 369 | AB32: 867 | AC32: 1286 | AD32: 1834 | AE32: 2350 | AF32: 2807 | AG32: 3392 | AH32: 3956 | AI32: 4010 | AK32: ครั้งที่ 30 | AL32: 0 | AM32: 0.29736264 | AN32: 0.69868132 | AO32: 1.036337 | AP32: 1.4779487 | AQ32: 1.8937729 | AR32: 2.2620513 | AS32: 2.7334799 | AT32: 3.1879853 | AU32: 3.2315018 | AW32: ครั้งที่ 30 | AX32: 304 | AY32: 1445 | AZ32: 2632 | BA32: 3331 | BB32: 3481 | BC32: 3642 | BD32: 3762 | BE32: 3941 | BF32: 4069 | BG32: 4095 | BI32: ครั้งที่ 30 | BJ32: 0.24498168 | BK32: 1.1644689 | BL32: 2.1210256 | BM32: 2.6843223 | BN32: 2.8052015 | BO32: 2.9349451 | BP32: 3.0316484 | BQ32: 3.1758974 | BR32: 3.2790476 | BS32: 3.3
AL33: 0 | AM33: 0.29333333 | AN33: 0.7010989 | AO33: 1.0371429 | AP33: 1.4811722 | AQ33: 1.9131136 | AR33: 2.2813919 | AS33: 2.732674 | AT33: 3.1895971 | AU33: 3.241978
A35: Linear Type A (ค่า ADC) | M35: Linear Type A (ค่า V) | Y35: Linear Type B (ค่า ADC) | AK35: Linear Type B (ค่า V)
B36: 10 | C36: 20 | D36: 30 | E36: 40 | F36: 50 | G36: 60 | N36: 10 | O36: 20 | P36: 30 | Q36: 40 | R36: 50 | S36: 60 | Z36: 10 | AA36: 20 | AB36: 30 | AC36: 40 | AD36: 50 | AE36: 60 | AL36: 10 | AM36: 20 | AN36: 30 | AO36: 40 | AP36: 50 | AQ36: 60
A37: ครั้งที่ 1 | B37: 888 | C37: 2231 | D37: 3255 | E37: 3534 | F37: 3891 | G37: 4095 | M37: ครั้งที่ 1 | N37: 0.7156044 | O37: 1.7978755 | P37: 2.6230769 | Q37: 2.8479121 | R37: 3.1356044 | S37: 3.3 | Y37: ครั้งที่ 1 | Z37: 444 | AA37: 1154 | AB37: 1812 | AC37: 2519 | AD37: 3357 | AE37: 4095 | AK37: ครั้งที่ 1 | AL37: 0.3578022 | AM37: 0.92996337 | AN37: 1.4602198 | AO37: 2.0299634 | AP37: 2.7052747 | AQ37: 3.3
A38: ครั้งที่ 2 | B38: 889 | C38: 2232 | D38: 3262 | E38: 3533 | F38: 3892 | G38: 4095 | M38: ครั้งที่ 2 | N38: 0.71641026 | O38: 1.7986813 | P38: 2.6287179 | Q38: 2.8471062 | R38: 3.1364103 | S38: 3.3 | Y38: ครั้งที่ 2 | Z38: 445 | AA38: 1155 | AB38: 1813 | AC38: 2521 | AD38: 3361 | AE38: 4095 | AK38: ครั้งที่ 2 | AL38: 0.35860806 | AM38: 0.93076923 | AN38: 1.4610256 | AO38: 2.0315751 | AP38: 2.7084982 | AQ38: 3.3
A39: ครั้งที่ 3 | B39: 890 | C39: 2231 | D39: 3256 | E39: 3536 | F39: 3890 | G39: 4095 | M39: ครั้งที่ 3 | N39: 0.71721612 | O39: 1.7978755 | P39: 2.6238828 | Q39: 2.8495238 | R39: 3.1347985 | S39: 3.3 | Y39: ครั้งที่ 3 | Z39: 443 | AA39: 1157 | AB39: 1812 | AC39: 2518 | AD39: 3358 | AE39: 4095 | AK39: ครั้งที่ 3 | AL39: 0.35699634 | AM39: 0.93238095 | AN39: 1.4602198 | AO39: 2.0291575 | AP39: 2.7060806 | AQ39: 3.3
A40: ครั้งที่ 4 | B40: 891 | C40: 2236 | D40: 3264 | E40: 3536 | F40: 3891 | G40: 4095 | M40: ครั้งที่ 4 | N40: 0.71802198 | O40: 1.8019048 | P40: 2.6303297 | Q40: 2.8495238 | R40: 3.1356044 | S40: 3.3 | Y40: ครั้งที่ 4 | Z40: 443 | AA40: 1155 | AB40: 1831 | AC40: 2519 | AD40: 3360 | AE40: 4095 | AK40: ครั้งที่ 4 | AL40: 0.35699634 | AM40: 0.93076923 | AN40: 1.4755311 | AO40: 2.0299634 | AP40: 2.7076923 | AQ40: 3.3
A41: ครั้งที่ 5 | B41: 888 | C41: 2231 | D41: 3258 | E41: 3534 | F41: 3891 | G41: 4095 | M41: ครั้งที่ 5 | N41: 0.7156044 | O41: 1.7978755 | P41: 2.6254945 | Q41: 2.8479121 | R41: 3.1356044 | S41: 3.3 | Y41: ครั้งที่ 5 | Z41: 445 | AA41: 1154 | AB41: 1812 | AC41: 2519 | AD41: 3362 | AE41: 4095 | AK41: ครั้งที่ 5 | AL41: 0.35860806 | AM41: 0.92996337 | AN41: 1.4602198 | AO41: 2.0299634 | AP41: 2.709304 | AQ41: 3.3
A42: ครั้งที่ 6 | B42: 889 | C42: 2230 | D42: 3261 | E42: 3552 | F42: 3891 | G42: 4095 | M42: ครั้งที่ 6 | N42: 0.71641026 | O42: 1.7970696 | P42: 2.6279121 | Q42: 2.8624176 | R42: 3.1356044 | S42: 3.3 | Y42: ครั้งที่ 6 | Z42: 447 | AA42: 1155 | AB42: 1813 | AC42: 2531 | AD42: 3373 | AE42: 4095 | AK42: ครั้งที่ 6 | AL42: 0.36021978 | AM42: 0.93076923 | AN42: 1.4610256 | AO42: 2.0396337 | AP42: 2.7181685 | AQ42: 3.3
A43: ครั้งที่ 7 | B43: 890 | C43: 2237 | D43: 3289 | E43: 3569 | F43: 3895 | G43: 4095 | M43: ครั้งที่ 7 | N43: 0.71721612 | O43: 1.8027106 | P43: 2.6504762 | Q43: 2.8761172 | R43: 3.1388278 | S43: 3.3 | Y43: ครั้งที่ 7 | Z43: 447 | AA43: 1165 | AB43: 1812 | AC43: 2522 | AD43: 3402 | AE43: 4095 | AK43: ครั้งที่ 7 | AL43: 0.36021978 | AM43: 0.93882784 | AN43: 1.4602198 | AO43: 2.032381 | AP43: 2.7415385 | AQ43: 3.3
A44: ครั้งที่ 8 | B44: 897 | C44: 2273 | D44: 3312 | E44: 3567 | F44: 3896 | G44: 4095 | M44: ครั้งที่ 8 | N44: 0.72285714 | O44: 1.8317216 | P44: 2.669011 | Q44: 2.8745055 | R44: 3.1396337 | S44: 3.3 | Y44: ครั้งที่ 8 | Z44: 450 | AA44: 1167 | AB44: 1812 | AC44: 2570 | AD44: 3407 | AE44: 4095 | AK44: ครั้งที่ 8 | AL44: 0.36263736 | AM44: 0.94043956 | AN44: 1.4602198 | AO44: 2.0710623 | AP44: 2.7455678 | AQ44: 3.3
A45: ครั้งที่ 9 | B45: 897 | C45: 2281 | D45: 3312 | E45: 3568 | F45: 3896 | G45: 4095 | M45: ครั้งที่ 9 | N45: 0.72285714 | O45: 1.8381685 | P45: 2.669011 | Q45: 2.8753114 | R45: 3.1396337 | S45: 3.3 | Y45: ครั้งที่ 9 | Z45: 446 | AA45: 1166 | AB45: 1826 | AC45: 2562 | AD45: 3406 | AE45: 4095 | AK45: ครั้งที่ 9 | AL45: 0.35941392 | AM45: 0.9396337 | AN45: 1.4715018 | AO45: 2.0646154 | AP45: 2.7447619 | AQ45: 3.3
A46: ครั้งที่ 10 | B46: 896 | C46: 2282 | D46: 3307 | E46: 3549 | F46: 3897 | G46: 4095 | M46: ครั้งที่ 10 | N46: 0.72205128 | O46: 1.8389744 | P46: 2.6649817 | Q46: 2.86 | R46: 3.1404396 | S46: 3.3 | Y46: ครั้งที่ 10 | Z46: 449 | AA46: 1165 | AB46: 1828 | AC46: 2547 | AD46: 3399 | AE46: 4095 | AK46: ครั้งที่ 10 | AL46: 0.3618315 | AM46: 0.93882784 | AN46: 1.4731136 | AO46: 2.0525275 | AP46: 2.7391209 | AQ46: 3.3
A47: ครั้งที่ 11 | B47: 898 | C47: 2275 | D47: 3318 | E47: 3568 | F47: 3896 | G47: 4095 | M47: ครั้งที่ 11 | N47: 0.723663 | O47: 1.8333333 | P47: 2.6738462 | Q47: 2.8753114 | R47: 3.1396337 | S47: 3.3 | Y47: ครั้งที่ 11 | Z47: 447 | AA47: 1166 | AB47: 1828 | AC47: 2576 | AD47: 3398 | AE47: 4095 | AK47: ครั้งที่ 11 | AL47: 0.36021978 | AM47: 0.9396337 | AN47: 1.4731136 | AO47: 2.0758974 | AP47: 2.738315 | AQ47: 3.3
A48: ครั้งที่ 12 | B48: 896 | C48: 2277 | D48: 3315 | E48: 3573 | F48: 3898 | G48: 4095 | M48: ครั้งที่ 12 | N48: 0.72205128 | O48: 1.8349451 | P48: 2.6714286 | Q48: 2.8793407 | R48: 3.1412454 | S48: 3.3 | Y48: ครั้งที่ 12 | Z48: 445 | AA48: 1159 | AB48: 1829 | AC48: 2578 | AD48: 3402 | AE48: 4095 | AK48: ครั้งที่ 12 | AL48: 0.35860806 | AM48: 0.93399267 | AN48: 1.4739194 | AO48: 2.0775092 | AP48: 2.7415385 | AQ48: 3.3
... A66: ครั้งที่ 30 | B66: 897 | C66: 2258 | D66: 3283 | E66: 3566 | F66: 3895 | G66: 4095 | M66: ครั้งที่ 30 | N66: 0.72285714 | O66: 1.8196337 | P66: 2.645641 | Q66: 2.8736996 | R66: 3.1388278 | S66: 3.3 | Y66: ครั้งที่ 30 | Z66: 448 | AA66: 1163 | AB66: 1832 | AC66: 2579 | AD66: 3397 | AE66: 4095 | AK66: ครั้งที่ 30 | AL66: 0.36102564 | AM66: 0.93721612 | AN66: 1.476337 | AO66: 2.078315 | AP66: 2.7375092 | AQ66: 3.3

Sheet Sheet2
C3: 10 | D3: 20 | E3: 30 | F3: 40 | G3: 50 | H3: 60 | I3: 70 | J3: 80 | K3: 90 | L3: 100
A4: Type A | B4: ADC | C4: =AVERAGE(Sheet1!B3:'Sheet1'!B32) -> 0 | D4: =AVERAGE(Sheet1!C3:'Sheet1'!C32) -> 55.666667 | E4: =AVERAGE(Sheet1!D3:'Sheet1'!D32) -> 141.4 | F4: =AVERAGE(Sheet1!E3:'Sheet1'!E32) -> 223.53333 | G4: =AVERAGE(Sheet1!F3:'Sheet1'!F32) -> 312.53333 | H4: =AVERAGE(Sheet1!G3:'Sheet1'!G32) -> 1050.4 | I4: =AVERAGE(Sheet1!H3:'Sheet1'!H32) -> 1914.4333 | J4: =AVERAGE(Sheet1!I3:'Sheet1'!I32) -> 2784.4 | ... L4: =AVERAGE(Sheet1!K3:'Sheet1'!K32) -> 3994.8
B5: V | C5: =AVERAGE(Sheet1!N$3:'Sheet1'!N$32) -> 0 | D5: =AVERAGE(Sheet1!O$3:'Sheet1'!O$32) -> 0.041663004 | E5: =AVERAGE(Sheet1!P$3:'Sheet1'!P$32) -> 0.11185348 | F5: =AVERAGE(Sheet1!Q$3:'Sheet1'!Q$32) -> 0.18118437 | G5: =AVERAGE(Sheet1!R$3:'Sheet1'!R$32) -> 0.25185836 | H5: =AVERAGE(Sheet1!S$3:'Sheet1'!S$32) -> 0.84647619 | I5: =AVERAGE(Sheet1!T$3:'Sheet1'!T$32) -> 1.5427668 | J5: =AVERAGE(Sheet1!U$3:'Sheet1'!U$32) -> 2.2438388 | ... L5: =AVERAGE(Sheet1!W$3:'Sheet1'!W$32) -> 3.2192527
A6: Type B | B6: ADC | C6: =AVERAGE(Sheet1!Z$3:'Sheet1'!Z$32) -> 0 | D6: =AVERAGE(Sheet1!AA$3:'Sheet1'!AA$32) -> 364.23333 | E6: =AVERAGE(Sheet1!AB$3:'Sheet1'!AB$32) -> 868.1 | F6: =AVERAGE(Sheet1!AC$3:'Sheet1'!AC$32) -> 1286.3 | G6: =AVERAGE(Sheet1!AD$3:'Sheet1'!AD$32) -> 1830.5 | H6: =AVERAGE(Sheet1!AE$3:'Sheet1'!AE$32) -> 2364.9 | I6: =AVERAGE(Sheet1!AF$3:'Sheet1'!AF$32) -> 2813.8333 | J6: =AVERAGE(Sheet1!AG$3:'Sheet1'!AG$32) -> 3377.4 | ... L6: =AVERAGE(Sheet1!AI$3:'Sheet1'!AI$32) -> 4014.9667
B7: V | C7: =AVERAGE(Sheet1!AL$3:'Sheet1'!AL$32) -> 0 | D7: =AVERAGE(Sheet1!AM$3:'Sheet1'!AM$32) -> 0.29352137 | E7: =AVERAGE(Sheet1!AN$3:'Sheet1'!AN$32) -> 0.69956777 | F7: =AVERAGE(Sheet1!AO$3:'Sheet1'!AO$32) -> 1.0365788 | G7: =AVERAGE(Sheet1!AP$3:'Sheet1'!AP$32) -> 1.4751282 | H7: =AVERAGE(Sheet1!AQ$3:'Sheet1'!AQ$32) -> 1.9057802 | I7: =AVERAGE(Sheet1!AR$3:'Sheet1'!AR$32) -> 2.267558 | J7: =AVERAGE(Sheet1!AS$3:'Sheet1'!AS$32) -> 2.7217143 | ... L7: =AVERAGE(Sheet1!AU$3:'Sheet1'!AU$32) -> 3.2355043
A8: Type C | B8: ADC | C8: =AVERAGE(Sheet1!AX$3:'Sheet1'!AX$32) -> 304.6 | D8: =AVERAGE(Sheet1!AY$3:'Sheet1'!AY$32) -> 1439.5667 | E8: =AVERAGE(Sheet1!AZ$3:'Sheet1'!AZ$32) -> 2619.9333 | F8: =AVERAGE(Sheet1!BA$3:'Sheet1'!BA$32) -> 3320.4667 | G8: =AVERAGE(Sheet1!BB$3:'Sheet1'!BB$32) -> 3467.3333 | H8: =AVERAGE(Sheet1!BC$3:'Sheet1'!BC$32) -> 3634.6333 | I8: =AVERAGE(Sheet1!BD$3:'Sheet1'!BD$32) -> 3756.6333 | J8: =AVERAGE(Sheet1!BE$3:'Sheet1'!BE$32) -> 3940.6333 | ... L8: =AVERAGE(Sheet1!BG$3:'Sheet1'!BG$32) -> 4095
B9: V | C9: =AVERAGE(Sheet1!BJ$3:'Sheet1'!BJ$32) -> 0.2454652 | D9: =AVERAGE(Sheet1!BK$3:'Sheet1'!BK$32) -> 1.1600904 | E9: =AVERAGE(Sheet1!BL$3:'Sheet1'!BL$32) -> 2.1113016 | F9: =AVERAGE(Sheet1!BM$3:'Sheet1'!BM$32) -> 2.6758339 | G9: =AVERAGE(Sheet1!BN$3:'Sheet1'!BN$32) -> 2.794188 | H9: =AVERAGE(Sheet1!BO$3:'Sheet1'!BO$32) -> 2.9290085 | I9: =AVERAGE(Sheet1!BP$3:'Sheet1'!BP$32) -> 3.0273236 | J9: =AVERAGE(Sheet1!BQ$3:'Sheet1'!BQ$32) -> 3.175602 | ... L9: =AVERAGE(Sheet1!BS$3:'Sheet1'!BS$32) -> 3.3
C11: 10 | D11: 20 | E11: 30 | F11: 40 | G11: 50 | H11: 60
A12: Linear A | B12: ADC | C12: =AVERAGE(Sheet1!B37:'Sheet1'!B66) -> 894.5 | D12: =AVERAGE(Sheet1!B37:'Sheet1'!B66) -> 894.5 | E12: =AVERAGE(Sheet1!C37:'Sheet1'!C66) -> 2269.7667 | F12: =AVERAGE(Sheet1!D37:'Sheet1'!D66) -> 3298.5667 | G12: =AVERAGE(Sheet1!F37:'Sheet1'!F66) -> 3894.6 | H12: =AVERAGE(Sheet1!G37:'Sheet1'!G66) -> 4095
B13: V | C13: =AVERAGE(Sheet1!N37:'Sheet1'!N66) -> 0.72084249 | D13: =AVERAGE(Sheet1!N37:'Sheet1'!N66) -> 0.72084249 | E13: =AVERAGE(Sheet1!O37:'Sheet1'!O66) -> 1.829116 | F13: =AVERAGE(Sheet1!P37:'Sheet1'!P66) -> 2.6581856 | G13: =AVERAGE(Sheet1!R37:'Sheet1'!R66) -> 3.1385055 | H13: =AVERAGE(Sheet1!S37:'Sheet1'!S66) -> 3.3
A14: Linear B | B14: ADC | C14: =AVERAGE(Sheet1!Z37:'Sheet1'!Z66) -> 446.93333 | D14: =AVERAGE(Sheet1!AA37:'Sheet1'!AA66) -> 1163 | E14: =AVERAGE(Sheet1!AB37:'Sheet1'!AB66) -> 1825.0333 | F14: =AVERAGE(Sheet1!AC37:'Sheet1'!AC66) -> 2560.7333 | G14: =AVERAGE(Sheet1!AD37:'Sheet1'!AD66) -> 3391.9 | H14: =AVERAGE(Sheet1!AE37:'Sheet1'!AE66) -> 4095
B15: V | C15: =AVERAGE(Sheet1!AL37:'Sheet1'!AL66) -> 0.36016606 | D15: =AVERAGE(Sheet1!AM37:'Sheet1'!AM66) -> 0.93721612 | E15: =AVERAGE(Sheet1!AN37:'Sheet1'!AN66) -> 1.4707228 | F15: =AVERAGE(Sheet1!AO37:'Sheet1'!AO66) -> 2.0635946 | G15: =AVERAGE(Sheet1!AP37:'Sheet1'!AP66) -> 2.7333993 | H15: =AVERAGE(Sheet1!AQ37:'Sheet1'!AQ66) -> 3.3
